Model,Scaled_MAE,Scaled_RMSE
Baseline,0.00043381197610870004,0.0007442227449432122
LSTM,0.054752934724092484,0.10684565407539444
Transformer,0.014998873695731163,0.043155003693164405
